{
  "loops": 1,
  "files_processed": 1,
  "total_bytes": 497774080,
  "total_errors": 0,
  "elapsed_s": 112.59792329603806,
  "throughput_MBps": 4.216013418121839,
  "slots": 4
}