{
  "scenario": "io_plus_ndp",
  "fio": {
    "read_bw_MBps": 106.31344795227051,
    "write_bw_MBps": 0.0,
    "total_bw_MBps": 106.31344795227051,
    "read_iops": 27216.242792,
    "write_iops": 0.0,
    "total_iops": 27216.242792,
    "read_p95_us": 1662.976,
    "read_p99_us": 2211.84,
    "write_p95_us": 0.0,
    "write_p99_us": 0.0,
    "elapsed_s": 60.353480357676744
  },
  "ndp": {
    "loops": 1,
    "files_processed": 1,
    "total_bytes": 497774080,
    "total_errors": 0,
    "elapsed_s": 112.59792329603806,
    "throughput_MBps": 4.216013418121839,
    "slots": 4
  }
}