{
  "fio version" : "fio-3.36",
  "timestamp" : 1773762759,
  "timestamp_ms" : 1773762759924,
  "time" : "Wed Mar 18 00:52:39 2026",
  "global options" : {
    "ioengine" : "libaio",
    "direct" : "1",
    "time_based" : "1",
    "runtime" : "60",
    "group_reporting" : "1",
    "size" : "4G",
    "filename" : "/mnt/nvme/qos_testfile"
  },
  "jobs" : [
    {
      "jobname" : "qos_randread",
      "groupid" : 0,
      "job_start" : 1773762699885,
      "error" : 0,
      "eta" : 0,
      "elapsed" : 61,
      "job options" : {
        "rw" : "randread",
        "bs" : "4k",
        "iodepth" : "32",
        "numjobs" : "1"
      },
      "read" : {
        "io_bytes" : 6690689024,
        "io_kbytes" : 6533876,
        "bw_bytes" : 111507766,
        "bw" : 108894,
        "iops" : 27223.575881,
        "runtime" : 60002,
        "total_ios" : 1633469,
        "short_ios" : 0,
        "drop_ios" : 0,
        "slat_ns" : {
          "min" : 2915,
          "max" : 857645,
          "mean" : 8709.469858,
          "stddev" : 2815.899881,
          "N" : 1633469
        },
        "clat_ns" : {
          "min" : 202303,
          "max" : 4652007,
          "mean" : 1165936.794349,
          "stddev" : 218027.190505,
          "N" : 1633469,
          "percentile" : {
            "1.000000" : 905216,
            "5.000000" : 1073152,
            "10.000000" : 1089536,
            "20.000000" : 1105920,
            "30.000000" : 1105920,
            "40.000000" : 1122304,
            "50.000000" : 1122304,
            "60.000000" : 1122304,
            "70.000000" : 1122304,
            "80.000000" : 1138688,
            "90.000000" : 1171456,
            "95.000000" : 1662976,
            "99.000000" : 2211840,
            "99.500000" : 2244608,
            "99.900000" : 2572288,
            "99.950000" : 2834432,
            "99.990000" : 3522560
          }
        },
        "lat_ns" : {
          "min" : 211546,
          "max" : 4661614,
          "mean" : 1174646.264206,
          "stddev" : 218113.157230,
          "N" : 1633469
        },
        "bw_min" : 81296,
        "bw_max" : 109472,
        "bw_agg" : 100.000000,
        "bw_mean" : 108929.546218,
        "bw_dev" : 2564.673335,
        "bw_samples" : 119,
        "iops_min" : 20324,
        "iops_max" : 27368,
        "iops_mean" : 27232.403361,
        "iops_stddev" : 641.168720,
        "iops_samples" : 119
      },
      "write" : {
        "io_bytes" : 0,
        "io_kbytes" : 0,
        "bw_bytes" : 0,
        "bw" : 0,
        "iops" : 0.000000,
        "runtime" : 0,
        "total_ios" : 0,
        "short_ios" : 0,
        "drop_ios" : 0,
        "slat_ns" : {
          "min" : 0,
          "max" : 0,
          "mean" : 0.000000,
          "stddev" : 0.000000,
          "N" : 0
        },
        "clat_ns" : {
          "min" : 0,
          "max" : 0,
          "mean" : 0.000000,
          "stddev" : 0.000000,
          "N" : 0
        },
        "lat_ns" : {
          "min" : 0,
          "max" : 0,
          "mean" : 0.000000,
          "stddev" : 0.000000,
          "N" : 0
        },
        "bw_min" : 0,
        "bw_max" : 0,
        "bw_agg" : 0.000000,
        "bw_mean" : 0.000000,
        "bw_dev" : 0.000000,
        "bw_samples" : 0,
        "iops_min" : 0,
        "iops_max" : 0,
        "iops_mean" : 0.000000,
        "iops_stddev" : 0.000000,
        "iops_samples" : 0
      },
      "trim" : {
        "io_bytes" : 0,
        "io_kbytes" : 0,
        "bw_bytes" : 0,
        "bw" : 0,
        "iops" : 0.000000,
        "runtime" : 0,
        "total_ios" : 0,
        "short_ios" : 0,
        "drop_ios" : 0,
        "slat_ns" : {
          "min" : 0,
          "max" : 0,
          "mean" : 0.000000,
          "stddev" : 0.000000,
          "N" : 0
        },
        "clat_ns" : {
          "min" : 0,
          "max" : 0,
          "mean" : 0.000000,
          "stddev" : 0.000000,
          "N" : 0
        },
        "lat_ns" : {
          "min" : 0,
          "max" : 0,
          "mean" : 0.000000,
          "stddev" : 0.000000,
          "N" : 0
        },
        "bw_min" : 0,
        "bw_max" : 0,
        "bw_agg" : 0.000000,
        "bw_mean" : 0.000000,
        "bw_dev" : 0.000000,
        "bw_samples" : 0,
        "iops_min" : 0,
        "iops_max" : 0,
        "iops_mean" : 0.000000,
        "iops_stddev" : 0.000000,
        "iops_samples" : 0
      },
      "sync" : {
        "total_ios" : 0,
        "lat_ns" : {
          "min" : 0,
          "max" : 0,
          "mean" : 0.000000,
          "stddev" : 0.000000,
          "N" : 0
        }
      },
      "job_runtime" : 60001,
      "usr_cpu" : 6.213230,
      "sys_cpu" : 26.424560,
      "ctx" : 1290408,
      "majf" : 0,
      "minf" : 42,
      "iodepth_level" : {
        "1" : 0.100000,
        "2" : 0.100000,
        "4" : 0.100000,
        "8" : 0.100000,
        "16" : 0.100000,
        "32" : 99.998102,
        ">=64" : 0.000000
      },
      "iodepth_submit" : {
        "0" : 0.000000,
        "4" : 100.000000,
        "8" : 0.000000,
        "16" : 0.000000,
        "32" : 0.000000,
        "64" : 0.000000,
        ">=64" : 0.000000
      },
      "iodepth_complete" : {
        "0" : 0.000000,
        "4" : 99.999939,
        "8" : 0.000000,
        "16" : 0.000000,
        "32" : 0.100000,
        "64" : 0.000000,
        ">=64" : 0.000000
      },
      "latency_ns" : {
        "2" : 0.000000,
        "4" : 0.000000,
        "10" : 0.000000,
        "20" : 0.000000,
        "50" : 0.000000,
        "100" : 0.000000,
        "250" : 0.000000,
        "500" : 0.000000,
        "750" : 0.000000,
        "1000" : 0.000000
      },
      "latency_us" : {
        "2" : 0.000000,
        "4" : 0.000000,
        "10" : 0.000000,
        "20" : 0.000000,
        "50" : 0.000000,
        "100" : 0.000000,
        "250" : 0.010000,
        "500" : 0.274385,
        "750" : 0.410721,
        "1000" : 0.900660
      },
      "latency_ms" : {
        "2" : 95.828081,
        "4" : 2.579969,
        "10" : 0.010000,
        "20" : 0.000000,
        "50" : 0.000000,
        "100" : 0.000000,
        "250" : 0.000000,
        "500" : 0.000000,
        "750" : 0.000000,
        "1000" : 0.000000,
        "2000" : 0.000000,
        ">=2000" : 0.000000
      },
      "latency_depth" : 32,
      "latency_target" : 0,
      "latency_percentile" : 100.000000,
      "latency_window" : 0
    }
  ],
  "disk_util" : [
    {
      "name" : "nvme0n1",
      "read_ios" : 1630793,
      "write_ios" : 12,
      "read_sectors" : 13096184,
      "write_sectors" : 240,
      "read_merges" : 0,
      "write_merges" : 0,
      "read_ticks" : 1894526,
      "write_ticks" : 3,
      "in_queue" : 1894529,
      "util" : 100.000000
    }
  ]
}
