{
  "scenario": "io_plus_ndp",
  "fio": {
    "read_bw_MBps": 106.34209251403809,
    "write_bw_MBps": 0.0,
    "total_bw_MBps": 106.34209251403809,
    "read_iops": 27223.575881,
    "write_iops": 0.0,
    "total_iops": 27223.575881,
    "read_p95_us": 1662.976,
    "read_p99_us": 2211.84,
    "write_p95_us": 0.0,
    "write_p99_us": 0.0,
    "elapsed_s": 60.37108191102743
  },
  "ndp": {
    "loops": 1,
    "files_processed": 1,
    "total_bytes": 497774080,
    "total_errors": 0,
    "elapsed_s": 113.41767961205915,
    "throughput_MBps": 4.18554106460732,
    "slots": 2
  }
}