{
  "fio version" : "fio-3.36",
  "timestamp" : 1773763099,
  "timestamp_ms" : 1773763099124,
  "time" : "Wed Mar 18 00:58:19 2026",
  "global options" : {
    "ioengine" : "libaio",
    "direct" : "1",
    "time_based" : "1",
    "runtime" : "60",
    "group_reporting" : "1",
    "size" : "4G",
    "filename" : "/mnt/nvme/qos_testfile"
  },
  "jobs" : [
    {
      "jobname" : "qos_randread",
      "groupid" : 0,
      "job_start" : 1773763039099,
      "error" : 0,
      "eta" : 0,
      "elapsed" : 61,
      "job options" : {
        "rw" : "randread",
        "bs" : "4k",
        "iodepth" : "32",
        "numjobs" : "1"
      },
      "read" : {
        "io_bytes" : 6688423936,
        "io_kbytes" : 6531664,
        "bw_bytes" : 111470016,
        "bw" : 108857,
        "iops" : 27214.359521,
        "runtime" : 60002,
        "total_ios" : 1632916,
        "short_ios" : 0,
        "drop_ios" : 0,
        "slat_ns" : {
          "min" : 2871,
          "max" : 710936,
          "mean" : 8563.031868,
          "stddev" : 2764.638094,
          "N" : 1632916
        },
        "clat_ns" : {
          "min" : 189594,
          "max" : 6429481,
          "mean" : 1166499.342723,
          "stddev" : 220658.854599,
          "N" : 1632916,
          "percentile" : {
            "1.000000" : 905216,
            "5.000000" : 1073152,
            "10.000000" : 1089536,
            "20.000000" : 1105920,
            "30.000000" : 1105920,
            "40.000000" : 1122304,
            "50.000000" : 1122304,
            "60.000000" : 1122304,
            "70.000000" : 1138688,
            "80.000000" : 1138688,
            "90.000000" : 1171456,
            "95.000000" : 1662976,
            "99.000000" : 2211840,
            "99.500000" : 2244608,
            "99.900000" : 2605056,
            "99.950000" : 2834432,
            "99.990000" : 3653632
          }
        },
        "lat_ns" : {
          "min" : 197343,
          "max" : 6436892,
          "mean" : 1175062.374591,
          "stddev" : 220729.507222,
          "N" : 1632916
        },
        "bw_min" : 81496,
        "bw_max" : 109480,
        "bw_agg" : 100.000000,
        "bw_mean" : 108884.033613,
        "bw_dev" : 2544.659945,
        "bw_samples" : 119,
        "iops_min" : 20374,
        "iops_max" : 27370,
        "iops_mean" : 27221.008403,
        "iops_stddev" : 636.164986,
        "iops_samples" : 119
      },
      "write" : {
        "io_bytes" : 0,
        "io_kbytes" : 0,
        "bw_bytes" : 0,
        "bw" : 0,
        "iops" : 0.000000,
        "runtime" : 0,
        "total_ios" : 0,
        "short_ios" : 0,
        "drop_ios" : 0,
        "slat_ns" : {
          "min" : 0,
          "max" : 0,
          "mean" : 0.000000,
          "stddev" : 0.000000,
          "N" : 0
        },
        "clat_ns" : {
          "min" : 0,
          "max" : 0,
          "mean" : 0.000000,
          "stddev" : 0.000000,
          "N" : 0
        },
        "lat_ns" : {
          "min" : 0,
          "max" : 0,
          "mean" : 0.000000,
          "stddev" : 0.000000,
          "N" : 0
        },
        "bw_min" : 0,
        "bw_max" : 0,
        "bw_agg" : 0.000000,
        "bw_mean" : 0.000000,
        "bw_dev" : 0.000000,
        "bw_samples" : 0,
        "iops_min" : 0,
        "iops_max" : 0,
        "iops_mean" : 0.000000,
        "iops_stddev" : 0.000000,
        "iops_samples" : 0
      },
      "trim" : {
        "io_bytes" : 0,
        "io_kbytes" : 0,
        "bw_bytes" : 0,
        "bw" : 0,
        "iops" : 0.000000,
        "runtime" : 0,
        "total_ios" : 0,
        "short_ios" : 0,
        "drop_ios" : 0,
        "slat_ns" : {
          "min" : 0,
          "max" : 0,
          "mean" : 0.000000,
          "stddev" : 0.000000,
          "N" : 0
        },
        "clat_ns" : {
          "min" : 0,
          "max" : 0,
          "mean" : 0.000000,
          "stddev" : 0.000000,
          "N" : 0
        },
        "lat_ns" : {
          "min" : 0,
          "max" : 0,
          "mean" : 0.000000,
          "stddev" : 0.000000,
          "N" : 0
        },
        "bw_min" : 0,
        "bw_max" : 0,
        "bw_agg" : 0.000000,
        "bw_mean" : 0.000000,
        "bw_dev" : 0.000000,
        "bw_samples" : 0,
        "iops_min" : 0,
        "iops_max" : 0,
        "iops_mean" : 0.000000,
        "iops_stddev" : 0.000000,
        "iops_samples" : 0
      },
      "sync" : {
        "total_ios" : 0,
        "lat_ns" : {
          "min" : 0,
          "max" : 0,
          "mean" : 0.000000,
          "stddev" : 0.000000,
          "N" : 0
        }
      },
      "job_runtime" : 60001,
      "usr_cpu" : 6.176564,
      "sys_cpu" : 25.991233,
      "ctx" : 1287976,
      "majf" : 0,
      "minf" : 42,
      "iodepth_level" : {
        "1" : 0.100000,
        "2" : 0.100000,
        "4" : 0.100000,
        "8" : 0.100000,
        "16" : 0.100000,
        "32" : 99.998102,
        ">=64" : 0.000000
      },
      "iodepth_submit" : {
        "0" : 0.000000,
        "4" : 100.000000,
        "8" : 0.000000,
        "16" : 0.000000,
        "32" : 0.000000,
        "64" : 0.000000,
        ">=64" : 0.000000
      },
      "iodepth_complete" : {
        "0" : 0.000000,
        "4" : 99.999939,
        "8" : 0.000000,
        "16" : 0.000000,
        "32" : 0.100000,
        "64" : 0.000000,
        ">=64" : 0.000000
      },
      "latency_ns" : {
        "2" : 0.000000,
        "4" : 0.000000,
        "10" : 0.000000,
        "20" : 0.000000,
        "50" : 0.000000,
        "100" : 0.000000,
        "250" : 0.000000,
        "500" : 0.000000,
        "750" : 0.000000,
        "1000" : 0.000000
      },
      "latency_us" : {
        "2" : 0.000000,
        "4" : 0.000000,
        "10" : 0.000000,
        "20" : 0.000000,
        "50" : 0.000000,
        "100" : 0.000000,
        "250" : 0.010000,
        "500" : 0.262781,
        "750" : 0.404675,
        "1000" : 0.896923
      },
      "latency_ms" : {
        "2" : 95.781351,
        "4" : 2.644043,
        "10" : 0.010000,
        "20" : 0.000000,
        "50" : 0.000000,
        "100" : 0.000000,
        "250" : 0.000000,
        "500" : 0.000000,
        "750" : 0.000000,
        "1000" : 0.000000,
        "2000" : 0.000000,
        ">=2000" : 0.000000
      },
      "latency_depth" : 32,
      "latency_target" : 0,
      "latency_percentile" : 100.000000,
      "latency_window" : 0
    }
  ],
  "disk_util" : [
    {
      "name" : "nvme0n1",
      "read_ios" : 1630260,
      "write_ios" : 12,
      "read_sectors" : 13091920,
      "write_sectors" : 256,
      "read_merges" : 0,
      "write_merges" : 0,
      "read_ticks" : 1894912,
      "write_ticks" : 3,
      "in_queue" : 1894915,
      "util" : 100.000000
    }
  ]
}
