{
  "fio version" : "fio-3.36",
  "timestamp" : 1773762573,
  "timestamp_ms" : 1773762573360,
  "time" : "Wed Mar 18 00:49:33 2026",
  "global options" : {
    "ioengine" : "libaio",
    "direct" : "1",
    "time_based" : "1",
    "runtime" : "60",
    "group_reporting" : "1",
    "size" : "4G",
    "filename" : "/mnt/nvme/qos_testfile"
  },
  "jobs" : [
    {
      "jobname" : "qos_randread",
      "groupid" : 0,
      "job_start" : 1773762513334,
      "error" : 0,
      "eta" : 0,
      "elapsed" : 61,
      "job options" : {
        "rw" : "randread",
        "bs" : "4k",
        "iodepth" : "32",
        "numjobs" : "1"
      },
      "read" : {
        "io_bytes" : 6970040320,
        "io_kbytes" : 6806680,
        "bw_bytes" : 116163466,
        "bw" : 113440,
        "iops" : 28360.221326,
        "runtime" : 60002,
        "total_ios" : 1701670,
        "short_ios" : 0,
        "drop_ios" : 0,
        "slat_ns" : {
          "min" : 2840,
          "max" : 552914,
          "mean" : 8375.672234,
          "stddev" : 2809.834722,
          "N" : 1701670
        },
        "clat_ns" : {
          "min" : 190751,
          "max" : 2550014,
          "mean" : 1119260.596950,
          "stddev" : 66253.683492,
          "N" : 1701670,
          "percentile" : {
            "1.000000" : 1036288,
            "5.000000" : 1073152,
            "10.000000" : 1089536,
            "20.000000" : 1105920,
            "30.000000" : 1105920,
            "40.000000" : 1122304,
            "50.000000" : 1122304,
            "60.000000" : 1122304,
            "70.000000" : 1122304,
            "80.000000" : 1138688,
            "90.000000" : 1138688,
            "95.000000" : 1155072,
            "99.000000" : 1204224,
            "99.500000" : 1466368,
            "99.900000" : 1859584,
            "99.950000" : 1925120,
            "99.990000" : 2146304
          }
        },
        "lat_ns" : {
          "min" : 250323,
          "max" : 2588722,
          "mean" : 1127636.269184,
          "stddev" : 66127.446614,
          "N" : 1701670
        },
        "bw_min" : 113008,
        "bw_max" : 113592,
        "bw_agg" : 100.000000,
        "bw_mean" : 113475.899160,
        "bw_dev" : 89.750633,
        "bw_samples" : 119,
        "iops_min" : 28252,
        "iops_max" : 28398,
        "iops_mean" : 28368.974790,
        "iops_stddev" : 22.437658,
        "iops_samples" : 119
      },
      "write" : {
        "io_bytes" : 0,
        "io_kbytes" : 0,
        "bw_bytes" : 0,
        "bw" : 0,
        "iops" : 0.000000,
        "runtime" : 0,
        "total_ios" : 0,
        "short_ios" : 0,
        "drop_ios" : 0,
        "slat_ns" : {
          "min" : 0,
          "max" : 0,
          "mean" : 0.000000,
          "stddev" : 0.000000,
          "N" : 0
        },
        "clat_ns" : {
          "min" : 0,
          "max" : 0,
          "mean" : 0.000000,
          "stddev" : 0.000000,
          "N" : 0
        },
        "lat_ns" : {
          "min" : 0,
          "max" : 0,
          "mean" : 0.000000,
          "stddev" : 0.000000,
          "N" : 0
        },
        "bw_min" : 0,
        "bw_max" : 0,
        "bw_agg" : 0.000000,
        "bw_mean" : 0.000000,
        "bw_dev" : 0.000000,
        "bw_samples" : 0,
        "iops_min" : 0,
        "iops_max" : 0,
        "iops_mean" : 0.000000,
        "iops_stddev" : 0.000000,
        "iops_samples" : 0
      },
      "trim" : {
        "io_bytes" : 0,
        "io_kbytes" : 0,
        "bw_bytes" : 0,
        "bw" : 0,
        "iops" : 0.000000,
        "runtime" : 0,
        "total_ios" : 0,
        "short_ios" : 0,
        "drop_ios" : 0,
        "slat_ns" : {
          "min" : 0,
          "max" : 0,
          "mean" : 0.000000,
          "stddev" : 0.000000,
          "N" : 0
        },
        "clat_ns" : {
          "min" : 0,
          "max" : 0,
          "mean" : 0.000000,
          "stddev" : 0.000000,
          "N" : 0
        },
        "lat_ns" : {
          "min" : 0,
          "max" : 0,
          "mean" : 0.000000,
          "stddev" : 0.000000,
          "N" : 0
        },
        "bw_min" : 0,
        "bw_max" : 0,
        "bw_agg" : 0.000000,
        "bw_mean" : 0.000000,
        "bw_dev" : 0.000000,
        "bw_samples" : 0,
        "iops_min" : 0,
        "iops_max" : 0,
        "iops_mean" : 0.000000,
        "iops_stddev" : 0.000000,
        "iops_samples" : 0
      },
      "sync" : {
        "total_ios" : 0,
        "lat_ns" : {
          "min" : 0,
          "max" : 0,
          "mean" : 0.000000,
          "stddev" : 0.000000,
          "N" : 0
        }
      },
      "job_runtime" : 60001,
      "usr_cpu" : 5.899902,
      "sys_cpu" : 26.746221,
      "ctx" : 1383129,
      "majf" : 0,
      "minf" : 44,
      "iodepth_level" : {
        "1" : 0.100000,
        "2" : 0.100000,
        "4" : 0.100000,
        "8" : 0.100000,
        "16" : 0.100000,
        "32" : 99.998178,
        ">=64" : 0.000000
      },
      "iodepth_submit" : {
        "0" : 0.000000,
        "4" : 100.000000,
        "8" : 0.000000,
        "16" : 0.000000,
        "32" : 0.000000,
        "64" : 0.000000,
        ">=64" : 0.000000
      },
      "iodepth_complete" : {
        "0" : 0.000000,
        "4" : 99.999941,
        "8" : 0.000000,
        "16" : 0.000000,
        "32" : 0.100000,
        "64" : 0.000000,
        ">=64" : 0.000000
      },
      "latency_ns" : {
        "2" : 0.000000,
        "4" : 0.000000,
        "10" : 0.000000,
        "20" : 0.000000,
        "50" : 0.000000,
        "100" : 0.000000,
        "250" : 0.000000,
        "500" : 0.000000,
        "750" : 0.000000,
        "1000" : 0.000000
      },
      "latency_us" : {
        "2" : 0.000000,
        "4" : 0.000000,
        "10" : 0.000000,
        "20" : 0.000000,
        "50" : 0.000000,
        "100" : 0.000000,
        "250" : 0.010000,
        "500" : 0.189343,
        "750" : 0.272673,
        "1000" : 0.368755
      },
      "latency_ms" : {
        "2" : 99.147720,
        "4" : 0.021273,
        "10" : 0.000000,
        "20" : 0.000000,
        "50" : 0.000000,
        "100" : 0.000000,
        "250" : 0.000000,
        "500" : 0.000000,
        "750" : 0.000000,
        "1000" : 0.000000,
        "2000" : 0.000000,
        ">=2000" : 0.000000
      },
      "latency_depth" : 32,
      "latency_target" : 0,
      "latency_percentile" : 100.000000,
      "latency_window" : 0
    }
  ],
  "disk_util" : [
    {
      "name" : "nvme0n1",
      "read_ios" : 1701246,
      "write_ios" : 4,
      "read_sectors" : 13609960,
      "write_sectors" : 40,
      "read_merges" : 0,
      "write_merges" : 0,
      "read_ticks" : 1899225,
      "write_ticks" : 1,
      "in_queue" : 1899226,
      "util" : 99.860163
    }
  ]
}
