{
  "fio version" : "fio-3.36",
  "timestamp" : 1773762633,
  "timestamp_ms" : 1773762633809,
  "time" : "Wed Mar 18 00:50:33 2026",
  "global options" : {
    "ioengine" : "libaio",
    "direct" : "1",
    "time_based" : "1",
    "runtime" : "60",
    "group_reporting" : "1",
    "size" : "4G",
    "filename" : "/mnt/nvme/qos_testfile"
  },
  "jobs" : [
    {
      "jobname" : "qos_randread",
      "groupid" : 0,
      "job_start" : 1773762573784,
      "error" : 0,
      "eta" : 0,
      "elapsed" : 61,
      "job options" : {
        "rw" : "randread",
        "bs" : "4k",
        "iodepth" : "32",
        "numjobs" : "1"
      },
      "read" : {
        "io_bytes" : 6730366976,
        "io_kbytes" : 6572624,
        "bw_bytes" : 112169043,
        "bw" : 109540,
        "iops" : 27385.020499,
        "runtime" : 60002,
        "total_ios" : 1643156,
        "short_ios" : 0,
        "drop_ios" : 0,
        "slat_ns" : {
          "min" : 2912,
          "max" : 516084,
          "mean" : 9354.840528,
          "stddev" : 3495.619714,
          "N" : 1643156
        },
        "clat_ns" : {
          "min" : 262533,
          "max" : 4476260,
          "mean" : 1158393.322483,
          "stddev" : 200849.951197,
          "N" : 1643156,
          "percentile" : {
            "1.000000" : 921600,
            "5.000000" : 1073152,
            "10.000000" : 1089536,
            "20.000000" : 1105920,
            "30.000000" : 1105920,
            "40.000000" : 1122304,
            "50.000000" : 1122304,
            "60.000000" : 1122304,
            "70.000000" : 1122304,
            "80.000000" : 1138688,
            "90.000000" : 1155072,
            "95.000000" : 1630208,
            "99.000000" : 2211840,
            "99.500000" : 2244608,
            "99.900000" : 2408448,
            "99.950000" : 2670592,
            "99.990000" : 3096576
          }
        },
        "lat_ns" : {
          "min" : 268222,
          "max" : 4485388,
          "mean" : 1167748.163011,
          "stddev" : 200933.717964,
          "N" : 1643156
        },
        "bw_min" : 81792,
        "bw_max" : 110688,
        "bw_agg" : 100.000000,
        "bw_mean" : 109572.840336,
        "bw_dev" : 2594.230515,
        "bw_samples" : 119,
        "iops_min" : 20448,
        "iops_max" : 27672,
        "iops_mean" : 27393.210084,
        "iops_stddev" : 648.557629,
        "iops_samples" : 119
      },
      "write" : {
        "io_bytes" : 0,
        "io_kbytes" : 0,
        "bw_bytes" : 0,
        "bw" : 0,
        "iops" : 0.000000,
        "runtime" : 0,
        "total_ios" : 0,
        "short_ios" : 0,
        "drop_ios" : 0,
        "slat_ns" : {
          "min" : 0,
          "max" : 0,
          "mean" : 0.000000,
          "stddev" : 0.000000,
          "N" : 0
        },
        "clat_ns" : {
          "min" : 0,
          "max" : 0,
          "mean" : 0.000000,
          "stddev" : 0.000000,
          "N" : 0
        },
        "lat_ns" : {
          "min" : 0,
          "max" : 0,
          "mean" : 0.000000,
          "stddev" : 0.000000,
          "N" : 0
        },
        "bw_min" : 0,
        "bw_max" : 0,
        "bw_agg" : 0.000000,
        "bw_mean" : 0.000000,
        "bw_dev" : 0.000000,
        "bw_samples" : 0,
        "iops_min" : 0,
        "iops_max" : 0,
        "iops_mean" : 0.000000,
        "iops_stddev" : 0.000000,
        "iops_samples" : 0
      },
      "trim" : {
        "io_bytes" : 0,
        "io_kbytes" : 0,
        "bw_bytes" : 0,
        "bw" : 0,
        "iops" : 0.000000,
        "runtime" : 0,
        "total_ios" : 0,
        "short_ios" : 0,
        "drop_ios" : 0,
        "slat_ns" : {
          "min" : 0,
          "max" : 0,
          "mean" : 0.000000,
          "stddev" : 0.000000,
          "N" : 0
        },
        "clat_ns" : {
          "min" : 0,
          "max" : 0,
          "mean" : 0.000000,
          "stddev" : 0.000000,
          "N" : 0
        },
        "lat_ns" : {
          "min" : 0,
          "max" : 0,
          "mean" : 0.000000,
          "stddev" : 0.000000,
          "N" : 0
        },
        "bw_min" : 0,
        "bw_max" : 0,
        "bw_agg" : 0.000000,
        "bw_mean" : 0.000000,
        "bw_dev" : 0.000000,
        "bw_samples" : 0,
        "iops_min" : 0,
        "iops_max" : 0,
        "iops_mean" : 0.000000,
        "iops_stddev" : 0.000000,
        "iops_samples" : 0
      },
      "sync" : {
        "total_ios" : 0,
        "lat_ns" : {
          "min" : 0,
          "max" : 0,
          "mean" : 0.000000,
          "stddev" : 0.000000,
          "N" : 0
        }
      },
      "job_runtime" : 60001,
      "usr_cpu" : 5.726571,
      "sys_cpu" : 28.497858,
      "ctx" : 1305859,
      "majf" : 0,
      "minf" : 42,
      "iodepth_level" : {
        "1" : 0.100000,
        "2" : 0.100000,
        "4" : 0.100000,
        "8" : 0.100000,
        "16" : 0.100000,
        "32" : 99.998113,
        ">=64" : 0.000000
      },
      "iodepth_submit" : {
        "0" : 0.000000,
        "4" : 100.000000,
        "8" : 0.000000,
        "16" : 0.000000,
        "32" : 0.000000,
        "64" : 0.000000,
        ">=64" : 0.000000
      },
      "iodepth_complete" : {
        "0" : 0.000000,
        "4" : 99.999939,
        "8" : 0.000000,
        "16" : 0.000000,
        "32" : 0.100000,
        "64" : 0.000000,
        ">=64" : 0.000000
      },
      "latency_ns" : {
        "2" : 0.000000,
        "4" : 0.000000,
        "10" : 0.000000,
        "20" : 0.000000,
        "50" : 0.000000,
        "100" : 0.000000,
        "250" : 0.000000,
        "500" : 0.000000,
        "750" : 0.000000,
        "1000" : 0.000000
      },
      "latency_us" : {
        "2" : 0.000000,
        "4" : 0.000000,
        "10" : 0.000000,
        "20" : 0.000000,
        "50" : 0.000000,
        "100" : 0.000000,
        "250" : 0.000000,
        "500" : 0.247755,
        "750" : 0.380852,
        "1000" : 0.805827
      },
      "latency_ms" : {
        "2" : 96.388231,
        "4" : 2.176421,
        "10" : 0.010000,
        "20" : 0.000000,
        "50" : 0.000000,
        "100" : 0.000000,
        "250" : 0.000000,
        "500" : 0.000000,
        "750" : 0.000000,
        "1000" : 0.000000,
        "2000" : 0.000000,
        ">=2000" : 0.000000
      },
      "latency_depth" : 32,
      "latency_target" : 0,
      "latency_percentile" : 100.000000,
      "latency_window" : 0
    }
  ],
  "disk_util" : [
    {
      "name" : "nvme0n1",
      "read_ios" : 1640480,
      "write_ios" : 4,
      "read_sectors" : 13173680,
      "write_sectors" : 48,
      "read_merges" : 0,
      "write_merges" : 0,
      "read_ticks" : 1892912,
      "write_ticks" : 1,
      "in_queue" : 1892913,
      "util" : 100.000000
    }
  ]
}
