{
  "fio version" : "fio-3.36",
  "timestamp" : 1773762986,
  "timestamp_ms" : 1773762986264,
  "time" : "Wed Mar 18 00:56:26 2026",
  "global options" : {
    "ioengine" : "libaio",
    "direct" : "1",
    "time_based" : "1",
    "runtime" : "60",
    "group_reporting" : "1",
    "size" : "4G",
    "filename" : "/mnt/nvme/qos_testfile"
  },
  "jobs" : [
    {
      "jobname" : "qos_randread",
      "groupid" : 0,
      "job_start" : 1773762926237,
      "error" : 0,
      "eta" : 0,
      "elapsed" : 61,
      "job options" : {
        "rw" : "randread",
        "bs" : "4k",
        "iodepth" : "32",
        "numjobs" : "1"
      },
      "read" : {
        "io_bytes" : 6688026624,
        "io_kbytes" : 6531276,
        "bw_bytes" : 111463394,
        "bw" : 108850,
        "iops" : 27212.742909,
        "runtime" : 60002,
        "total_ios" : 1632819,
        "short_ios" : 0,
        "drop_ios" : 0,
        "slat_ns" : {
          "min" : 2823,
          "max" : 874726,
          "mean" : 8584.904340,
          "stddev" : 3205.846131,
          "N" : 1632819
        },
        "clat_ns" : {
          "min" : 279375,
          "max" : 6948483,
          "mean" : 1166589.260783,
          "stddev" : 216808.646499,
          "N" : 1632819,
          "percentile" : {
            "1.000000" : 937984,
            "5.000000" : 1073152,
            "10.000000" : 1089536,
            "20.000000" : 1105920,
            "30.000000" : 1105920,
            "40.000000" : 1122304,
            "50.000000" : 1122304,
            "60.000000" : 1122304,
            "70.000000" : 1138688,
            "80.000000" : 1138688,
            "90.000000" : 1171456,
            "95.000000" : 1662976,
            "99.000000" : 2211840,
            "99.500000" : 2244608,
            "99.900000" : 2506752,
            "99.950000" : 2801664,
            "99.990000" : 3588096
          }
        },
        "lat_ns" : {
          "min" : 288504,
          "max" : 6957092,
          "mean" : 1175174.165124,
          "stddev" : 217047.630307,
          "N" : 1632819
        },
        "bw_min" : 78856,
        "bw_max" : 109496,
        "bw_agg" : 100.000000,
        "bw_mean" : 108883.697479,
        "bw_dev" : 2789.852176,
        "bw_samples" : 119,
        "iops_min" : 19714,
        "iops_max" : 27374,
        "iops_mean" : 27220.907563,
        "iops_stddev" : 697.459931,
        "iops_samples" : 119
      },
      "write" : {
        "io_bytes" : 0,
        "io_kbytes" : 0,
        "bw_bytes" : 0,
        "bw" : 0,
        "iops" : 0.000000,
        "runtime" : 0,
        "total_ios" : 0,
        "short_ios" : 0,
        "drop_ios" : 0,
        "slat_ns" : {
          "min" : 0,
          "max" : 0,
          "mean" : 0.000000,
          "stddev" : 0.000000,
          "N" : 0
        },
        "clat_ns" : {
          "min" : 0,
          "max" : 0,
          "mean" : 0.000000,
          "stddev" : 0.000000,
          "N" : 0
        },
        "lat_ns" : {
          "min" : 0,
          "max" : 0,
          "mean" : 0.000000,
          "stddev" : 0.000000,
          "N" : 0
        },
        "bw_min" : 0,
        "bw_max" : 0,
        "bw_agg" : 0.000000,
        "bw_mean" : 0.000000,
        "bw_dev" : 0.000000,
        "bw_samples" : 0,
        "iops_min" : 0,
        "iops_max" : 0,
        "iops_mean" : 0.000000,
        "iops_stddev" : 0.000000,
        "iops_samples" : 0
      },
      "trim" : {
        "io_bytes" : 0,
        "io_kbytes" : 0,
        "bw_bytes" : 0,
        "bw" : 0,
        "iops" : 0.000000,
        "runtime" : 0,
        "total_ios" : 0,
        "short_ios" : 0,
        "drop_ios" : 0,
        "slat_ns" : {
          "min" : 0,
          "max" : 0,
          "mean" : 0.000000,
          "stddev" : 0.000000,
          "N" : 0
        },
        "clat_ns" : {
          "min" : 0,
          "max" : 0,
          "mean" : 0.000000,
          "stddev" : 0.000000,
          "N" : 0
        },
        "lat_ns" : {
          "min" : 0,
          "max" : 0,
          "mean" : 0.000000,
          "stddev" : 0.000000,
          "N" : 0
        },
        "bw_min" : 0,
        "bw_max" : 0,
        "bw_agg" : 0.000000,
        "bw_mean" : 0.000000,
        "bw_dev" : 0.000000,
        "bw_samples" : 0,
        "iops_min" : 0,
        "iops_max" : 0,
        "iops_mean" : 0.000000,
        "iops_stddev" : 0.000000,
        "iops_samples" : 0
      },
      "sync" : {
        "total_ios" : 0,
        "lat_ns" : {
          "min" : 0,
          "max" : 0,
          "mean" : 0.000000,
          "stddev" : 0.000000,
          "N" : 0
        }
      },
      "job_runtime" : 60001,
      "usr_cpu" : 5.759904,
      "sys_cpu" : 26.041233,
      "ctx" : 1291478,
      "majf" : 0,
      "minf" : 44,
      "iodepth_level" : {
        "1" : 0.100000,
        "2" : 0.100000,
        "4" : 0.100000,
        "8" : 0.100000,
        "16" : 0.100000,
        "32" : 99.998101,
        ">=64" : 0.000000
      },
      "iodepth_submit" : {
        "0" : 0.000000,
        "4" : 100.000000,
        "8" : 0.000000,
        "16" : 0.000000,
        "32" : 0.000000,
        "64" : 0.000000,
        ">=64" : 0.000000
      },
      "iodepth_complete" : {
        "0" : 0.000000,
        "4" : 99.999939,
        "8" : 0.000000,
        "16" : 0.000000,
        "32" : 0.100000,
        "64" : 0.000000,
        ">=64" : 0.000000
      },
      "latency_ns" : {
        "2" : 0.000000,
        "4" : 0.000000,
        "10" : 0.000000,
        "20" : 0.000000,
        "50" : 0.000000,
        "100" : 0.000000,
        "250" : 0.000000,
        "500" : 0.000000,
        "750" : 0.000000,
        "1000" : 0.000000
      },
      "latency_us" : {
        "2" : 0.000000,
        "4" : 0.000000,
        "10" : 0.000000,
        "20" : 0.000000,
        "50" : 0.000000,
        "100" : 0.000000,
        "250" : 0.000000,
        "500" : 0.242648,
        "750" : 0.364952,
        "1000" : 0.752625
      },
      "latency_ms" : {
        "2" : 96.054370,
        "4" : 2.581058,
        "10" : 0.010000,
        "20" : 0.000000,
        "50" : 0.000000,
        "100" : 0.000000,
        "250" : 0.000000,
        "500" : 0.000000,
        "750" : 0.000000,
        "1000" : 0.000000,
        "2000" : 0.000000,
        ">=2000" : 0.000000
      },
      "latency_depth" : 32,
      "latency_target" : 0,
      "latency_percentile" : 100.000000,
      "latency_window" : 0
    }
  ],
  "disk_util" : [
    {
      "name" : "nvme0n1",
      "read_ios" : 1630146,
      "write_ios" : 12,
      "read_sectors" : 13092496,
      "write_sectors" : 256,
      "read_merges" : 0,
      "write_merges" : 0,
      "read_ticks" : 1893260,
      "write_ticks" : 4,
      "in_queue" : 1893264,
      "util" : 100.000000
    }
  ]
}
